size,sequential,mapreduce
2,0.0,0.3319206237792969
4,0.0,0.7822005748748779
8,0.0,1.1591060161590576
16,0.0005033016204833984,1.4092681407928467
32,0.0030002593994140625,2.568929433822632
64,0.02437424659729004,7.617074966430664
128,0.18982315063476562,48.58779287338257
256,1.537851333618164,416.13931226730347
512,13.605884075164795,4735.060078382492
1024,120.20705008506775,